USE coldchain_mvp;

DELETE FROM route_plans;
DELETE FROM risk_assessments;
DELETE FROM alerts;
DELETE FROM telemetry_records;
DELETE FROM vehicles;
DELETE FROM cargo_profiles;
INSERT INTO cargo_profiles (cargo_type, cargo_name, safe_temp_min, safe_temp_max, sensitivity_level, description)
VALUES
('VACCINE', '疫苗', 2.00, 8.00, 'HIGH', '疫苗冷链主场景');

INSERT INTO vehicles (vehicle_code, plate_number, cargo_type, cargo_name, safe_temp_min, safe_temp_max, status)
VALUES
('CC-VA-01', '京A-1024', 'VACCINE', '疫苗', 2.00, 8.00, 'IN_TRANSIT'),
('CC-VA-02', '京A-1025', 'VACCINE', '疫苗', 2.00, 8.00, 'IN_TRANSIT'),
('CC-VA-03', '京A-1026', 'VACCINE', '疫苗', 2.00, 8.00, 'IN_TRANSIT'),
('CC-VA-04', '京A-1027', 'VACCINE', '疫苗', 2.00, 8.00, 'IN_TRANSIT'),
('CC-VA-05', '京A-1028', 'VACCINE', '疫苗', 2.00, 8.00, 'IN_TRANSIT');

INSERT INTO telemetry_records (vehicle_code, record_time, temperature, humidity, door_open, speed, outside_temp, lng, lat, remaining_km, trend)
VALUES
('CC-VA-01', '2026-05-18 09:00:00', 4.60, 66.00, 0, 48.00, 30.00, 116.360000, 39.900000, 26.80, '温度平稳'),
('CC-VA-01', '2026-05-18 09:05:00', 4.90, 65.00, 0, 46.00, 30.00, 116.372000, 39.901000, 24.90, '轻微升温'),
('CC-VA-01', '2026-05-18 09:10:00', 5.40, 66.00, 0, 42.00, 30.00, 116.384000, 39.903000, 22.20, '连续升温'),
('CC-VA-01', '2026-05-18 09:15:00', 6.10, 68.00, 1, 39.00, 30.00, 116.390000, 39.905000, 20.50, '开门导致升温'),
('CC-VA-01', '2026-05-18 09:20:00', 6.80, 69.00, 0, 37.00, 31.00, 116.395000, 39.907000, 16.80, '12分钟后可能越界'),
('CC-VA-01', '2026-05-18 09:25:00', 7.50, 70.00, 0, 35.00, 31.00, 116.397000, 39.908000, 13.40, '逼近上限'),
('CC-VA-02', '2026-05-18 09:10:00', 5.00, 64.00, 0, 44.00, 30.00, 116.390000, 39.906000, 24.60, '温度平稳'),
('CC-VA-02', '2026-05-18 09:15:00', 5.10, 64.00, 0, 43.00, 30.00, 116.396000, 39.908000, 23.00, '温度平稳'),
('CC-VA-02', '2026-05-18 09:20:00', 5.10, 65.00, 0, 42.00, 31.00, 116.399000, 39.909000, 22.00, '温度平稳'),
('CC-VA-02', '2026-05-18 09:25:00', 5.20, 65.00, 0, 42.00, 31.00, 116.402000, 39.910000, 21.10, '温度平稳'),
('CC-VA-03', '2026-05-18 09:10:00', 5.80, 66.00, 0, 26.00, 30.00, 116.398000, 39.902000, 22.80, '温度平稳'),
('CC-VA-03', '2026-05-18 09:15:00', 6.00, 66.00, 1, 21.00, 30.00, 116.404000, 39.904000, 21.00, '开门波动'),
('CC-VA-03', '2026-05-18 09:20:00', 6.20, 67.00, 1, 19.00, 30.00, 116.407000, 39.905000, 20.10, '开门波动'),
('CC-VA-03', '2026-05-18 09:25:00', 6.10, 67.00, 1, 18.00, 30.00, 116.410000, 39.906000, 19.60, '开门波动'),
('CC-VA-04', '2026-05-18 09:10:00', 4.70, 61.00, 0, 47.00, 29.00, 116.408000, 39.907000, 29.20, '温度平稳'),
('CC-VA-04', '2026-05-18 09:15:00', 4.80, 61.00, 0, 46.00, 29.00, 116.414000, 39.909000, 27.50, '温度平稳'),
('CC-VA-04', '2026-05-18 09:20:00', 4.80, 62.00, 0, 46.00, 29.00, 116.418000, 39.910000, 26.40, '温度平稳'),
('CC-VA-04', '2026-05-18 09:25:00', 4.80, 62.00, 0, 46.00, 29.00, 116.421000, 39.912000, 25.80, '温度平稳'),
('CC-VA-05', '2026-05-18 09:10:00', 6.60, 67.00, 0, 34.00, 31.00, 116.418000, 39.913000, 20.90, '持续升温'),
('CC-VA-05', '2026-05-18 09:15:00', 6.80, 68.00, 0, 33.00, 31.00, 116.423000, 39.915000, 19.10, '持续升温'),
('CC-VA-05', '2026-05-18 09:20:00', 7.00, 68.00, 0, 31.00, 32.00, 116.427000, 39.916000, 17.60, '逼近上限'),
('CC-VA-05', '2026-05-18 09:25:00', 7.10, 69.00, 0, 30.00, 32.00, 116.430000, 39.918000, 16.70, '连续升温');

INSERT INTO alerts (alert_id, vehicle_code, alert_level, alert_type, title, detail_text, suggestion, trigger_time, status)
VALUES
('ALT-20260518-001', 'CC-VA-01', 'HIGH', 'TREND_WARNING', '高风险临界告警', '疫苗车厢温度接近安全上限，剩余路线较长。', '比较最近冷库改道方案与继续配送方案的综合成本。', '2026-05-18 09:25:00', 'OPEN'),
('ALT-20260518-002', 'CC-VA-01', 'MEDIUM', 'PREDICTION_WARNING', '预测型预警', '若继续当前趋势，未来12分钟温度可能突破8°C。', '优先完成最近高敏货物配送，减少暴露时间。', '2026-05-18 09:20:00', 'OPEN'),
('ALT-20260518-003', 'CC-VA-01', 'MEDIUM', 'DOOR_EVENT', '卸货开门温升', '车门开启造成温度快速上升，短时风险增加。', '缩短开门时长，完成站点作业后立即恢复制冷。', '2026-05-18 09:15:00', 'OPEN'),
('ALT-20260518-021', 'CC-VA-02', 'LOW', 'NORMAL_STATUS', '运输状态正常', '当前温度处于安全区间内，运输状态稳定。', '继续按既定路线配送。', '2026-05-18 09:25:00', 'OPEN'),
('ALT-20260518-004', 'CC-VA-03', 'MEDIUM', 'DOOR_EVENT', '多点卸货波动', '多点配送导致频繁开关门，温度控制波动增加。', '建议缩短站点停留时间并加强制冷检查。', '2026-05-18 09:18:00', 'OPEN'),
('ALT-20260518-041', 'CC-VA-04', 'LOW', 'NORMAL_STATUS', '温控稳定', '当前车辆温度控制稳定，未发现异常趋势。', '继续保持当前配送节奏。', '2026-05-18 09:25:00', 'OPEN'),
('ALT-20260518-051', 'CC-VA-05', 'MEDIUM', 'TREND_WARNING', '温升趋势关注', '温度持续升高，已接近高风险区间。', '建议优先检查制冷负载并缩短停留。', '2026-05-18 09:20:00', 'OPEN'),
('ALT-20260518-052', 'CC-VA-05', 'HIGH', 'PREDICTION_WARNING', '逼近上限预警', '当前温度逼近安全上限，如趋势持续将进入高风险。', '建议尽快完成近端配送或执行备选路线。', '2026-05-18 09:25:00', 'OPEN');

INSERT INTO risk_assessments (vehicle_code, risk_score, risk_level, risk_label, risk_reason, predicted_minutes_to_limit, algorithm_version, algorithm_source, assessment_time)
VALUES
('CC-VA-01', 52.00, 'MEDIUM', '中风险', '连续升温，需关注制冷与车门状态。', 20, 'mock-risk-v1', 'MOCK_GATEWAY', '2026-05-18 09:15:00'),
('CC-VA-01', 68.50, 'MEDIUM', '中风险', '温度持续升高，预计后续存在越界风险。', 12, 'mock-risk-v1', 'MOCK_GATEWAY', '2026-05-18 09:20:00'),
('CC-VA-01', 86.50, 'HIGH', '高风险', '当前车上为高敏疫苗，剩余路线较长，货损风险高。', 12, 'mock-risk-v1', 'MOCK_GATEWAY', '2026-05-18 09:25:00'),
('CC-VA-02', 32.00, 'LOW', '低风险', '当前温控处于稳定区间，运输风险较低。', NULL, 'mock-risk-v1', 'MOCK_GATEWAY', '2026-05-18 09:25:00'),
('CC-VA-03', 49.00, 'MEDIUM', '中风险', '开门波动导致短时风险上升。', 25, 'mock-risk-v1', 'MOCK_GATEWAY', '2026-05-18 09:18:00'),
('CC-VA-04', 28.00, 'LOW', '低风险', '温度和速度均较稳定，当前运输状态正常。', NULL, 'mock-risk-v1', 'MOCK_GATEWAY', '2026-05-18 09:25:00'),
('CC-VA-05', 78.00, 'MEDIUM', '中风险', '温度持续升高，已接近安全上限，需尽快处置。', 15, 'mock-risk-v1', 'MOCK_GATEWAY', '2026-05-18 09:25:00');

INSERT INTO route_plans (vehicle_code, plan_type, plan_title, plan_detail, estimated_cost, estimated_benefit, recommended, created_time)
VALUES
('CC-VA-01', 'PRIORITY_DELIVERY', '优先配送最近医院', '缩短疫苗暴露时间，优先完成最近高敏站点配送。', '调整后续两站顺序', '减少约 18 分钟暴露时间', 0, '2026-05-18 09:24:00'),
('CC-VA-01', 'REROUTE_COLD_STORAGE', '改道最近冷库', '前往 3 公里外冷库进行临时控温，再重新规划后续配送。', '增加 8 分钟运输成本', '可在短时间内恢复控温', 1, '2026-05-18 09:25:00'),
('CC-VA-02', 'FOLLOW_CURRENT_ROUTE', '按原计划配送', '当前温控风险较低，继续按原计划执行。', '无新增成本', '运输效率最优', 1, '2026-05-18 09:25:00'),
('CC-VA-03', 'CHECK_REFRIGERATION', '检查车门与制冷状态', '当前建议先完成车门关闭与制冷检查，再继续原路线。', '无额外路线成本', '避免风险继续升高', 1, '2026-05-18 09:18:00'),
('CC-VA-04', 'FOLLOW_CURRENT_ROUTE', '按原计划配送', '当前车辆状态平稳，可继续按原计划配送。', '无新增成本', '维持当前效率', 1, '2026-05-18 09:25:00'),
('CC-VA-05', 'PRIORITY_DELIVERY', '优先配送最近站点', '建议优先完成最近高敏站点，降低超温暴露时间。', '小幅调整配送顺序', '减少温控风险扩散', 1, '2026-05-18 09:25:00'),
('CC-VA-05', 'REROUTE_COLD_STORAGE', '改道最近冷库', '如温度继续升高，优先前往最近冷库进行临时控温。', '增加约 6 分钟运输成本', '避免进入高风险状态', 0, '2026-05-18 09:24:00');
